sno,age,gender,cp,trestbps,chol,fbs,restecg,thalach,exang,oldpeak,slope,ca,thal,prediction
27,69,0,1,200,175,1,1,72,0,4.6,2,3,3,yes
234,38,1,3,177,412,1,1,110,0,5.5,1,2,0,no
198,68,0,0,128,548,1,0,139,0,5.7,2,3,1,no
132,29,1,3,197,506,0,0,192,1,3.1,2,4,1,yes
131,68,0,2,147,246,1,0,168,0,3.2,1,3,0,yes
260,67,0,0,147,325,1,1,174,1,5.0,2,3,0,no
26,67,1,1,140,359,0,0,142,0,1.9,1,1,1,yes
211,61,1,2,109,234,1,1,85,0,5.2,2,1,3,no
61,52,0,1,193,243,1,1,122,0,3.1,0,2,0,yes
28,63,1,0,95,229,1,1,202,0,0.7,2,4,1,yes
159,42,0,2,112,562,1,2,76,1,0.4,1,2,0,no
295,67,1,2,118,453,0,1,187,0,5.2,2,1,2,no
222,56,1,0,123,495,1,2,161,0,0.3,1,3,1,no
230,51,0,1,108,484,0,2,108,1,1.7,2,4,3,no
217,53,1,0,95,547,1,2,173,1,2.1,0,4,2,no
238,56,0,2,166,172,1,2,181,0,1.1,0,1,3,no
155,30,0,2,197,513,0,1,76,1,1.9,1,3,2,no
38,35,0,2,107,155,0,1,85,1,4.6,2,2,1,yes
254,41,0,3,125,334,0,0,158,0,0.1,2,2,3,no
136,34,1,3,148,386,0,1,202,1,5.1,1,1,1,yes
151,50,0,1,193,283,0,0,74,1,5.3,1,0,3,no
112,61,0,0,168,190,0,2,158,1,2.3,1,1,3,yes
55,61,1,2,175,210,0,2,89,0,1.0,2,2,2,yes
280,52,0,3,156,488,0,0,156,0,3.7,1,4,2,no
236,70,1,3,138,265,1,2,153,0,0.7,1,4,1,no
195,56,0,0,115,262,0,0,82,1,2.3,2,0,3,no
121,32,1,0,186,531,0,2,160,1,5.9,0,3,2,yes
249,66,1,0,180,189,0,0,189,0,6.2,2,0,3,no
165,57,1,0,96,527,1,1,184,0,4.8,0,3,1,no
134,60,0,2,170,530,0,1,74,1,1.9,0,1,3,no
136,56,0,2,103,388,1,2,103,1,4.3,2,2,1,no
68,56,1,1,173,198,0,1,102,1,4.4,2,3,0,yes
27,33,0,1,182,194,0,2,130,0,2.4,2,2,0,yes
168,56,1,3,108,250,0,2,89,1,4.0,2,4,2,no
269,67,0,1,140,379,0,0,183,0,0.1,1,2,1,no
19,43,1,3,107,193,1,2,173,1,1.3,1,4,0,yes
260,58,1,3,154,326,0,2,177,0,3.3,0,3,1,no
250,30,0,1,193,176,0,1,97,0,1.0,0,1,2,no
83,46,0,0,102,363,1,2,72,0,1.0,0,3,1,yes
191,50,1,3,136,135,1,2,191,1,5.2,0,2,3,no
50,77,0,2,198,437,1,2,109,1,6.1,1,2,3,yes
229,39,1,1,126,150,1,2,157,0,3.4,2,0,2,no
212,42,0,2,108,211,1,1,191,1,5.2,2,0,3,no
107,49,1,2,146,202,0,0,75,0,6.1,1,2,1,yes
20,77,1,3,148,490,1,2,71,0,0.9,2,0,0,yes
294,70,0,1,164,149,0,1,71,0,2.8,2,4,0,no
135,30,1,3,127,314,0,1,91,1,2.4,2,4,3,no
270,40,0,3,196,385,1,0,77,0,0.5,1,3,3,no
205,69,1,0,149,352,1,0,179,1,4.7,0,3,2,no
235,31,0,0,124,424,1,0,150,0,2.7,2,2,0,no
230,70,0,2,196,478,0,2,200,0,2.9,0,0,1,no
58,42,0,0,192,298,1,0,176,0,0.9,1,1,0,yes
110,73,0,1,147,489,0,0,198,1,1.1,0,2,0,yes
141,43,0,1,96,265,1,2,102,0,5.6,2,4,0,no
150,50,1,3,157,558,1,1,108,1,0.3,1,1,2,no
13,61,0,3,153,347,1,1,183,1,1.4,0,2,0,yes
165,35,1,0,109,449,1,2,103,0,1.8,0,1,3,no
46,56,0,3,161,510,1,1,78,1,3.0,1,0,1,yes
225,53,0,0,183,473,0,0,159,1,3.6,1,0,1,no
206,67,1,2,105,499,0,2,176,0,3.1,2,1,2,no
279,77,1,3,171,361,0,0,198,0,0.5,0,0,3,no
225,61,0,3,109,145,1,1,193,0,1.5,2,0,1,no
111,49,0,0,174,342,0,2,86,1,5.2,1,1,0,yes
293,48,1,3,138,205,0,2,172,0,4.0,2,1,0,no
124,49,1,0,94,516,1,1,182,1,4.0,0,2,3,yes
98,68,1,2,197,229,1,2,163,1,4.2,0,0,0,yes
274,44,0,1,111,226,1,1,179,1,4.7,0,1,2,no
112,37,0,1,157,235,1,1,181,0,0.4,1,2,1,yes
23,45,1,0,113,408,1,0,129,1,2.3,2,4,3,yes
142,30,1,3,193,376,0,1,76,0,3.3,0,3,0,no
241,34,0,1,173,542,1,1,131,0,2.1,1,4,3,no
57,33,0,2,180,308,1,2,97,0,5.2,0,1,2,yes
140,66,0,1,140,249,1,0,86,0,3.0,2,2,1,no
39,64,1,1,144,147,0,2,87,0,4.8,2,2,0,yes
208,63,0,3,161,129,1,2,163,0,5.3,2,4,3,no
144,51,0,0,177,290,1,2,137,0,3.1,2,4,1,yes
100,64,0,2,184,532,1,1,142,0,5.6,1,4,1,yes
68,36,1,2,95,355,0,0,169,1,3.6,2,3,1,yes
171,73,0,1,165,518,1,0,143,0,5.3,0,2,0,no
202,53,0,1,105,170,1,2,154,1,2.1,2,2,1,no
284,74,0,0,124,166,1,2,82,1,3.1,2,4,0,no
132,36,0,3,182,491,0,1,183,1,3.3,2,1,0,yes
48,53,1,3,120,172,1,0,130,1,0.7,1,1,1,yes
252,63,0,0,179,148,1,0,91,1,2.5,2,4,0,no
190,53,0,0,143,303,0,1,178,1,5.7,1,1,1,no
212,50,1,0,118,532,1,1,167,1,3.9,0,1,3,no
29,37,0,0,129,428,0,0,77,1,1.1,2,2,0,yes
94,47,1,3,150,169,1,2,96,0,2.1,0,1,0,yes
232,40,1,3,175,493,0,1,73,0,1.2,0,4,0,no
252,43,0,0,158,496,1,0,106,1,0.2,1,4,2,no
131,62,1,2,193,477,1,0,84,0,5.8,0,1,1,yes
243,59,0,0,186,522,1,1,164,1,2.8,2,2,1,no
255,58,1,1,174,231,1,2,139,0,1.9,1,4,0,no
117,46,0,2,158,556,1,2,200,0,3.7,0,3,1,yes
272,76,1,2,125,266,0,1,169,1,0.0,2,1,1,no
87,33,1,3,138,478,0,0,151,1,1.7,1,2,1,yes
72,45,1,0,106,380,1,2,138,1,4.4,0,3,2,yes
206,34,0,0,134,468,1,1,78,0,3.9,2,3,3,no
192,45,0,1,193,401,0,0,80,1,6.1,1,0,1,no
42,76,0,1,139,408,0,1,152,1,3.8,0,1,3,yes
